"Clinic Name","Doctor Name","City","Specialty","Instagram Handle","Phone Number","WhatsApp Number","Website","Google Rating","Review Count","Pain Signal","ICP Score","Website Status","IG Direct Link"
"Hollywod Smile Clinic","Dr. Mohammad Alhussain","Dubai","","@hollywoodsmiledxb","+971 4 4298228","","https://hollywoodsmiledc.com/","4.4","1153","Mobile number (+971 50 519 2516) found on website and Google Maps. It is a mobile number, suggesting a direct line.","2","Active","https://instagram.com/hollywoodsmiledxb"
"Leila Hariri Dental & Medical Aesthetics","Dr. Leila Hariri","Dubai","","@lhdm_ae","+971 4 3444444","+971501595432","https://lhdm.ae/","5.0","424","The +971 50 159 5432 number is a mobile number, likely a direct line or WhatsApp. The +971 4 349 5432 number is a landline.","3","Active","https://instagram.com/lhdm_ae"
"Dr Pauls Dental Clinic LLC","Dr. Binoy Paul","Dubai","","@drpaulsdentalclinicdxb","+971 4 3944444","","https://www.drpaulsdentalclinic.com/","4.8","394","Emergency number (+971 56 1219 894) is a mobile number, likely a direct line or WhatsApp enabled.","3","Active","https://instagram.com/drpaulsdentalclinicdxb"
"DRFK Turkish International Day Surgery Center LLC","Dr. Fatih Kırar","Dubai","","@turkishinternationaldaysurgery","058 8111111","+971586954334","https://drfk.ae/","4.9","392","Direct line (mobile)","3","Active","https://instagram.com/turkishinternationaldaysurgery"
"Ferdows Medical Center","Dr. Zohreh Ahrari","Dubai","","@ferdows_medical_center","056 4111111","+971564164701","https://ferdowsmedicalcenter.ae/","4.9","359","The clinic provides a WhatsApp number (+971564164701) which is likely a mobile number, suggesting good responsiveness for inquiries via WhatsApp. Another landline number (+971 4 321 3330) is also provided.","3","Active","https://instagram.com/ferdows_medical_center"
"German Dental & Neuromuscular Clinic","Dr. Abdolreza Nassouti","Dubai","","@germandentaluae","+971 4 3755391","+971568004722","https://germandent.com/","4.8","354","The phone number +971 56 800 4722 is a mobile number in the UAE, which likely supports WhatsApp. It is not a landline and there is no information about an IVR. A direct call would likely go to a mobile device or a direct line at the clinic.","3","Active","https://instagram.com/germandentaluae"
"La Perla Dental Clinic DMCC","Dr. Jamal Zoubi","Dubai","","@laperladental_clinic","+971 4 4355678","+971564662598","https://laperladental.com/","4.8","337","The phone number +97144321732 is a landline, and the mobile number +971564662598 is a direct line.","3","Active","https://instagram.com/laperladental_clinic"
"Samaa Medical Centre","Not found","Dubai","","@samaamedicalcenter","+971 4 3944444","+971562291810","https://samaamedicalcenter.ae/","4.5","328","The provided phone number (04 3944444) was not found on the website or Google Maps. The website lists +971 56 229 1810, which is a mobile number.","3","Inactive/Error","https://instagram.com/samaamedicalcenter"
"Hadiya Dental Center","Dr. Fathima Nooff","Dubai","","@hadiya.dental.center","+971 4 2898888","","https://www.hadiyacare.com","4.8","304","Cannot be determined without direct interaction","3","Active","https://instagram.com/hadiya.dental.center"
"Sameday Dental Implants","Dr. Costa Nicolopoulos","Dubai","","@samedayimplants","+971 4 3156000","","https://www.samedayme.com/","4.8","285","Cannot determine IVR/direct line without direct interaction.","3","Active","https://instagram.com/samedayimplants"
"Reveal Medical Center","Dr. Alaa Abou Laban","Dubai","","@revealmedicalcenter","+971 4 3855555","","https://reveal.ae/","4.9","173","Not performed by agent","3","Active","https://instagram.com/revealmedicalcenter"
"McBody Clinic LLC","Dr. Shaghayegh Kazemian","Dubai","","@mcbodyclinic","+971 4 3888888","","https://newsenseclinic.com","4.6","150","Not found","3","Active","https://instagram.com/mcbodyclinic"
"Modern Dental Clinic","Dr. Darach Judge","Dubai","","@trulydentaldubai","+971 4 3635367","","https://www.trulydental.ae/","4.9","137","Landline number, no direct answer simulated.","3","Active","https://instagram.com/trulydentaldubai"
"Helmi's Specialized Implantology and Dental Center","Dr. Helmi","Dubai","","@dr.helmii","+971 4 2666666","+971558824402","","4.8","106","Landline, no IVR","3","Unknown","https://instagram.com/dr.helmii"
"Jumeira Beach Dental Centre","Dr. Imad Jafar","Dubai","","@jbdc.uae","+971 4 3444444","","https://jbdcdubai.com/","4.9","65","Landline, no direct mobile or WhatsApp found.","2","Active","https://instagram.com/jbdc.uae"
"Pearl Medical Clinic","Dr. Aby Thomas","Dubai","","@pearlmedicalclinic","+971 4 2222222","","https://www.pearlclinicdubai.com/","4.8","65","The clinic has a landline number (+971 4 224 9481) and a mobile number (+971 50 650 9684) listed on their website and Google Maps. The mobile number is a potential WhatsApp number.","2","Active","https://instagram.com/pearlmedicalclinic"
"Pretty Smile Dental Clinic","Dr. Adnan Ahmad","Dubai","","@dr.adnandubaidentist","+971 4 8888888","+971559910094","https://www.prettysmiledubai.ae/","4.7","41","Primary contact number on website is a landline.","2","Active","https://instagram.com/dr.adnandubaidentist"
"Mohamed Iqbal Homeopathiq Medical Center","Dr. Mohamed Iqbal Kombatheyil","Dubai","","@dr.iqbalmedical","+971 4 3977555","+971552266150","https://www.driqbalalternative.com/","4.6","24","Mobile number (+971 55 226 6150) available, implying direct contact. Landline (+971 4 273 9797) also available.","2","Active","https://instagram.com/dr.iqbalmedical"
"Hibah Shata Specialized Dental Clinic","Dr. Hibah Shata","Dubai","","@drhibahshatadentalclinic","+971 4 2977777","","https://5cbafbaf7119b.site123.me/","5.0","8","Landline number, no information on IVR or direct line.","2","Active","https://instagram.com/drhibahshatadentalclinic"
